category,orders,revenue,avg_delivery_days,late_orders,avg_review_score,late_avg_review_score,on_time_avg_review_score,late_rate,review_score_gap
health_beauty,8647,1233131.72,12.01,775,4.23,2.66,4.38,0.0896,1.72
toys,3803,471097.49,11.66,286,4.24,2.4,4.38,0.0752,1.98
luggage_accessories,1019,138701.63,10.81,56,4.37,2.98,4.45,0.055,1.47
art,195,23657.3,11.21,15,4.1,3.0,4.19,0.0769,1.19
agro_industry_and_commerce,177,70566.1,11.37,9,4.11,2.44,4.2,0.0508,1.76
party_supplies,38,4465.19,8.82,1,4.08,3.0,4.11,0.0263,1.11
watches_gifts,5493,1165898.98,12.73,468,4.12,2.42,4.28,0.0852,1.86
books_general_interest,495,45256.25,11.47,34,4.53,3.12,4.64,0.0687,1.52
fashio_female_clothing,36,2634.94,12.92,2,3.92,3.5,3.94,0.0556,0.44
auto,3809,578849.35,12.26,328,4.15,2.59,4.29,0.0861,1.7
fashion_underwear_beach,117,9305.95,13.91,15,4.01,2.07,4.3,0.1282,2.23
small_appliances,609,182754.12,10.94,38,4.26,2.73,4.36,0.0624,1.63
pet_shop,1688,211695.64,11.31,106,4.27,2.64,4.38,0.0628,1.74
consoles_games,1018,148003.37,13.7,83,4.18,2.68,4.31,0.0815,1.63
music,38,6034.35,11.55,3,4.21,2.33,4.37,0.0789,2.04
home_appliances_2,227,107953.95,13.85,16,4.15,2.13,4.3,0.0705,2.17
stationery,2264,223788.69,12.71,176,4.29,2.54,4.44,0.0777,1.9
housewares,5743,615628.69,11.03,399,4.19,2.71,4.3,0.0695,1.59
baby,2809,400421.84,12.61,258,4.1,2.33,4.28,0.0918,1.95
furniture_bedroom,90,19051.8,13.58,7,4.26,2.14,4.43,0.0778,2.29
costruction_tools_garden,190,25096.28,11.81,13,4.25,3.08,4.33,0.0684,1.25
tablets_printing_image,79,7528.41,12.8,5,4.16,2.5,4.25,0.0633,1.75
costruction_tools_tools,97,15903.95,12.2,6,4.43,3.4,4.48,0.0619,1.08
fashion_sport,26,2094.52,10.62,2,4.38,4.0,4.42,0.0769,0.42
diapers_and_hygiene,25,1500.79,10.4,1,3.96,5.0,3.92,0.04,-1.08
bed_bath_table,9272,1023434.76,12.93,811,4.0,2.51,4.14,0.0875,1.63
fashion_bags_accessories,1820,149329.39,11.17,121,4.24,2.47,4.37,0.0665,1.9
fixed_telephony,212,55315.21,12.51,11,3.97,2.2,4.06,0.0519,1.86
home_confort,392,58008.45,13.64,41,3.89,2.49,4.05,0.1046,1.56
computers,177,218684.14,13.82,13,4.22,2.36,4.35,0.0734,1.99
computers_accessories,6529,888613.62,13.1,503,4.08,2.56,4.21,0.077,1.65
electronics,2517,155043.93,12.84,247,4.12,2.75,4.27,0.0981,1.52
cool_stuff,3559,610204.1,12.33,243,4.22,2.47,4.34,0.0683,1.87
kitchen_dining_laundry_garden_furniture,241,45531.98,11.76,11,4.13,2.18,4.22,0.0456,2.04
christmas_supplies,125,8737.84,15.3,12,4.11,2.73,4.25,0.096,1.52
industry_commerce_and_business,231,38169.81,10.79,19,4.22,2.94,4.33,0.0823,1.39
dvds_blu_ray,56,4542.59,12.88,4,4.2,1.25,4.42,0.0714,3.17
signaling_and_security,138,21315.05,10.81,8,4.12,2.71,4.19,0.058,1.48
small_appliances_home_oven_and_coffee,72,46589.56,9.89,5,4.43,3.0,4.54,0.0694,1.54
security_and_services,2,283.29,15.0,0,2.5,,2.5,0.0,
perfumery,3086,390144.65,11.86,228,4.26,2.56,4.4,0.0739,1.84
furniture_living_room,414,67350.7,13.84,35,4.07,2.45,4.21,0.0845,1.76
books_technical,256,18702.23,10.55,28,4.43,3.61,4.53,0.1094,0.92
garden_tools,3448,470495.28,13.58,274,4.18,2.61,4.32,0.0795,1.71
construction_tools_safety,159,38773.22,11.74,7,3.97,2.57,4.04,0.044,1.47
fashion_shoes,235,23001.46,15.68,15,4.27,2.32,4.4,0.0638,2.08
pc_gamer,7,1306.95,10.43,0,3.43,,3.43,0.0,
food_drink,221,14942.88,10.75,14,4.45,3.07,4.54,0.0633,1.47
drinks,287,21529.84,10.3,19,4.24,2.42,4.37,0.0662,1.95
musical_instruments,611,184315.74,13.02,54,4.23,2.19,4.44,0.0884,2.25
construction_tools_construction,736,142108.49,10.77,67,4.13,2.6,4.27,0.091,1.67
air_conditioning,246,53323.56,11.82,10,4.12,2.11,4.19,0.0407,2.08
home_comfort_2,24,760.27,14.46,4,3.83,1.75,4.26,0.1667,2.51
arts_and_craftmanship,23,1814.01,5.74,2,4.17,1.0,4.48,0.087,3.48
flowers,29,1110.04,11.48,1,4.39,1.0,4.52,0.0345,3.52
portateis_cozinha_e_preparadores_de_alimentos,13,3933.63,8.23,1,3.62,3.0,3.67,0.0769,0.67
unknown,1392,170726.63,12.68,127,4.01,2.42,4.17,0.0912,1.75
home_construction,483,81407.57,13.37,39,3.99,2.82,4.09,0.0807,1.27
market_place,274,27795.77,12.21,13,4.09,2.77,4.15,0.0474,1.38
fashion_male_clothing,106,10452.33,12.79,5,3.82,2.0,3.89,0.0472,1.89
fashion_childrens_clothes,7,519.95,8.86,0,5.0,,5.0,0.0,
cds_dvds_musicals,12,730.0,10.75,0,4.67,,4.67,0.0,
telephony,4093,309860.23,12.9,349,4.05,2.7,4.18,0.0853,1.48
food,441,28731.15,9.73,44,4.33,3.23,4.45,0.0998,1.22
home_appliances,747,78832.48,11.24,50,4.22,2.9,4.31,0.0669,1.41
la_cuisine,13,2054.99,7.77,0,4.25,,4.25,0.0,
office_furniture,1254,268154.31,20.59,115,3.64,2.56,3.75,0.0917,1.19
construction_tools_lights,242,39957.0,9.76,22,4.15,2.95,4.27,0.0909,1.32
books_imported,50,4418.86,8.0,2,4.44,1.0,4.58,0.04,3.58
cine_photo,63,6674.47,10.4,5,4.33,3.6,4.4,0.0794,0.8
sports_leisure,7529,954673.55,12.17,584,4.23,2.48,4.37,0.0776,1.89
furniture_decor,6307,711927.69,13.03,535,4.06,2.56,4.2,0.0848,1.64
audio,348,50570.6,13.42,45,3.84,1.98,4.11,0.1293,2.13
furniture_mattress_and_upholstery,37,4323.38,14.41,5,3.89,2.2,4.16,0.1351,1.96
